{
    "weight": [
        1.0180506706237793,
        0.5934951901435852,
        0.28177759051322937,
        0.28359633684158325,
        -5.154079914093018
    ],
    "game_result": [
        39,
        56,
        55
    ]
}